<?xml version="1.0" encoding="utf-8"?>
<ConsultarUrlVisualizacaoNfseEnvio xmlns="http://www.issnetonline.com.br/webserviceabrasf/vsd/servico_consultar_url_visualizacao_nfse_envio.xsd" xmlns:tc="http://www.issnetonline.com.br/webserviceabrasf/vsd/tipos_complexos.xsd">
    <Prestador>
        <tc:CpfCnpj>
            <tc:Cnpj>69549400450004</tc:Cnpj>
        </tc:CpfCnpj>
        <tc:InscricaoMunicipal>154895648564</tc:InscricaoMunicipal>
    </Prestador>
    <Numero>4</Numero>
    <CodigoTributacaoMunicipio>4</CodigoTributacaoMunicipio>
</ConsultarUrlVisualizacaoNfseEnvio>