<?xml version="1.0" encoding="utf-8"?>
<ConsultarLoteRpsResposta xmlns="http://www.issnetonline.com.br/webserviceabrasf/vsd/servico_consultar_lote_rps_resposta.xsd" xmlns:tc="http://www.issnetonline.com.br/webserviceabrasf/vsd/tipos_complexos.xsd">
  <ListaMensagemRetorno>
    <MensagemRetorno>
      <tc:IdentificacaoRps>
        <tc:Numero>9</tc:Numero>
        <tc:Serie>8</tc:Serie>
        <tc:Tipo>1</tc:Tipo>
      </tc:IdentificacaoRps>
      <tc:Codigo>L057</tc:Codigo>
      <tc:Mensagem>Contribuinte é  Simples Nacional a alíquota informada deve estar entre 2% e 5%. Número do RPS em que ocorreu o erro: 9</tc:Mensagem>
    </MensagemRetorno>
  </ListaMensagemRetorno>
</ConsultarLoteRpsResposta>